{"cameraMode":{"drawMode":0,"name":"Shaded","section":"Shading Mode"},"sceneLighting":true,"audioPlay":false,"sceneViewState":{"m_AlwaysRefresh":false,"showFog":true,"showSkybox":true,"showFlares":true,"showImageEffects":true,"showParticleSystems":true,"showVisualEffectGraphs":true,"m_FxEnabled":true},"in2DMode":false,"pivot":{"x":2.737278461456299,"y":-0.9144382476806641,"z":-0.7205810546875},"rotation":{"x":0.2996409237384796,"y":0.0004717937554232776,"z":-0.00015001927386038005,"w":0.9540733695030212},"size":13.448488235473633,"orthographic":false}