{"cameraMode":{"drawMode":0,"name":"Shaded","section":"Shading Mode"},"sceneLighting":true,"audioPlay":false,"sceneViewState":{"m_AlwaysRefresh":false,"showFog":true,"showSkybox":true,"showFlares":true,"showImageEffects":true,"showParticleSystems":true,"showVisualEffectGraphs":true,"m_FxEnabled":true},"in2DMode":false,"pivot":{"x":-2.823019027709961,"y":5.810478210449219,"z":19.993112564086915},"rotation":{"x":0.05170496925711632,"y":0.9479321241378784,"z":-0.2353026270866394,"w":0.20829744637012483},"size":10.821752548217774,"orthographic":true}